"ID","Acer macrophyllum","Achillea millefolium","Aira caryophyllea","Allium amplectens","Alopecurus pratensis","Anthoxanthum odoratum","Aster curtus","Berberis aquifolium","Bromus carinatus","Bromus hordeaceus","Bromus sterilis","Bromus tectorum","Camassia quamash","Cardamine oligosperma","Carex inops","Cerastium arvense","Cerastium glomeratum","Chenopodium album","Cirsium vulgare","Claytonia perfoliata","Clinopodium douglasii","Collinsia parviflora","Cytisus scoparius","Dactylis glomerata","Delphinium menziesii","Dodecatheon hendersonii","Elymus glaucus","Eriophyllum lanatum","Erythronium oregonum","Fritillaria affinis","Galium aparine","Geranium molle","Lathyrus sphaericus","Leucanthemum vulgare","Lomatium nudicaule","Lomatium utriculatum","Lonicera sp.","Lotus micranthus","Luzula sp.","Melica subulata","Moehringia macrophylla","Montia linearis","Myosotis discolor","Mystery 1","Nemophila parviflora","Oemleria cerasiformis","Orobanche uniflora","Plantago lanceolata","Platanthera sp.","Plectritis congesta","Poa pratensis","Pseudotsuga menziesii","Quercus garryana","Ranunculus occidentalis","Rumex acetosella","Sanicula crassicaulis","Symphoricarpos albus","Teesdalia nudicaulis","Torilis arvensis","Toxicoscordion venenosum","Trifolium dubium","Triteleia sp.","Unknown A","Unknown D","Unknown E","Unknown Grass","Unknown weed","Valerianella locusta","Veronica arvensis","Vicia hirsuta","Vicia sativa","Vulpia sp."
"1_2015",0,0,0,0,0,8,0,0,0,0,0,0,1,0,1,0,6,0,0,0,0,1,0,0,1,3,0,0,0,0,2,2,0,0,0,3,0,0,0,0,0,0,0,0,0,0,0,0,0,0,3,0,0,2,0,0,1,0,0,0,0,0,1,0,0,0,0,2,2,4,5,0
"1_2016",1,0,0,0,0,1,0,0,0,0,0,0,7,0,1,1,1,0,0,0,0,0,0,0,3,4,0,0,0,0,0,7,0,0,0,8,0,1,0,0,0,0,0,0,0,0,0,0,0,0,2,0,0,5,0,0,0,0,0,0,0,0,0,0,0,0,0,1,1,1,1,0
"1_2017",1,0,0,0,0,8,0,0,0,0,0,0,30,1,4,1,1,0,0,7,0,1,0,0,4,18,0,0,0,1,1,8,0,0,0,12,0,0,0,0,0,0,0,0,0,0,0,0,0,0,1,0,0,3,0,0,0,0,0,0,0,0,0,0,0,0,0,5,1,1,1,0
"1_2018",0,0,0,0,0,5,0,0,0,0,0,0,25,0,1,1,1,0,0,1,0,1,1,0,2,22,0,0,1,0,1,1,0,1,0,1,0,0,0,0,0,0,1,0,0,0,0,0,0,0,0,0,0,2,0,0,0,0,0,0,0,0,0,0,0,0,0,3,1,1,0,0
"1_2019",0,0,0,0,0,1,0,0,2,0,2,0,40,1,2,0,0,0,0,2,0,3,0,0,5,10,0,0,1,0,1,8,0,0,0,5,0,0,0,0,0,0,0,0,1,0,0,0,0,2,0,0,0,5,0,0,0,0,0,0,0,0,0,0,0,0,0,12,1,1,0,0
"1_2020",0,0,0,0,0,15,0,0,1,0,1,0,25,0,2,2,1,0,0,0,0,1,0,1,3,15,0,0,2,0,1,8,0,15,0,3,0,0,0,0,0,0,1,0,0,0,0,0,0,3,0,0,0,5,0,0,0,0,0,0,0,0,0,0,0,0,0,2,2,2,1,0
"1_2021",0,0,0,0,0,30,0,0,2,0,3,0,25,0,2,2,2,0,0,1,0,0,0,1,6,10,4,0,2,0,1,5,0,2,0,5,0,1,2,0,0,0,0,0,1,0,0,0,0,8,2,1,0,5,0,0,0,0,0,0,0,0,0,0,0,0,0,3,0,2,4,0
"1_2022",0,0,0,0,0,0,0,0,0,5,10,0,45,0,1,0,1,0,0,15,0,1,0,0,8,10,0,0,0,0,1,10,1,0,0,6,0,0,0,0,0,0,1,0,1,0,0,0,1,8,0,0,0,25,0,0,0,0,0,0,0,0,0,0,0,0,0,0,1,2,4,0
"1_2023",0,0,0,0,0,0,0,0,0,3,4,0,50,0,1,1,1,0,0,15,0,2,0,0,20,8,0,0,0,0,1,0,0,0,0,6,0,0,1,0,0,0,0,0,0,0,0,0,1,25,0,0,0,7,0,0,0,0,0,0,0,0,0,0,0,0,0,1,0,1,1,1
"1_2024",0,0,0,0,0,4,0,0,0,5,7,0,45,0,1,1,1,0,0,5,0,0,0,2,10,15,0,0,1,0,1,12,0,0,0,3,0,0,3,0,0,0,0,0,1,0,0,0,1,25,1,0,0,12,0,0,0,0,0,0,0,0,0,0,0,0,0,1,1,1,2,1
"2_2015",0,0,2,0,0,0,0,0,1,0,0,0,3,0,24,2,0,0,0,0,0,0,4,10,2,3,0,0,0,0,1,2,0,0,0,2,0,0,0,0,0,0,2,0,0,0,0,0,0,1,4,0,0,1,0,0,1,0,0,0,2,0,1,0,0,0,0,4,2,1,2,0
"2_2016",2,0,1,0,1,1,0,0,0,0,0,0,4,0,20,0,1,0,0,0,0,0,3,6,3,4,0,0,2,0,1,8,0,0,0,4,0,0,0,0,0,0,0,0,0,0,0,0,0,2,3,0,0,2,0,0,1,0,0,0,3,0,0,0,0,0,0,2,1,1,1,0
"2_2017",1,0,0,0,0,0,0,0,0,0,0,0,7,0,8,0,0,0,0,5,0,0,1,7,6,16,0,0,2,0,1,10,0,0,0,8,0,0,0,0,0,0,2,0,0,0,0,0,0,1,3,0,0,2,0,1,1,0,0,0,1,0,0,0,0,0,0,6,1,1,1,0
"2_2018",0,0,0,0,0,0,0,0,0,0,0,0,4,0,13,1,0,0,0,2,0,0,1,5,3,25,0,0,2,0,1,1,0,0,0,3,0,0,0,0,0,0,1,0,0,0,0,0,0,2,0,0,0,4,0,1,0,0,0,0,0,0,0,0,0,0,0,13,1,1,1,0
"2_2019",0,0,0,0,0,0,0,0,0,0,3,0,10,2,5,1,1,0,0,4,0,0,3,4,5,20,0,0,2,0,0,7,0,0,0,5,0,0,0,0,0,0,0,0,0,0,0,0,0,3,0,0,0,3,0,1,0,0,0,0,1,0,0,0,0,0,0,15,1,0,1,0
"2_2020",0,0,0,0,0,0,0,0,0,0,1,0,5,0,10,1,1,0,0,1,0,0,0,7,2,5,0,0,1,0,2,15,0,0,0,5,0,0,0,0,0,0,0,0,0,0,0,0,0,5,2,0,0,2,0,1,0,0,0,0,1,0,0,0,0,0,0,5,1,1,2,0
"2_2021",0,0,0,0,0,1,0,0,0,0,1,0,3,0,10,1,1,0,0,1,0,0,0,8,3,2,0,0,4,0,2,8,0,0,0,8,0,0,2,0,0,0,1,0,0,0,0,0,0,4,3,0,0,0,0,1,0,0,1,0,2,0,0,0,0,0,0,10,2,2,3,5
"2_2022",0,0,0,0,0,0,0,0,0,1,3,0,25,1,3,0,1,0,0,12,0,0,0,2,9,25,0,0,8,0,1,8,0,0,0,8,0,0,3,0,0,0,0,0,0,0,0,0,0,15,1,0,0,7,0,0,0,0,0,0,3,0,0,0,0,0,0,1,1,2,2,3
"2_2023",0,0,0,0,0,0,0,0,0,2,7,0,12,0,4,1,0,0,0,3,0,0,0,5,15,7,0,0,5,0,1,1,0,0,0,6,0,0,1,0,0,0,0,0,0,0,0,0,0,25,0,1,1,7,0,0,2,0,0,0,0,0,0,0,0,0,0,1,0,1,1,2
"2_2024",0,0,0,0,0,0,0,0,0,2,7,0,13,0,3,1,1,0,0,1,0,0,0,5,10,18,0,0,6,0,1,5,0,0,0,8,0,0,4,0,0,0,0,1,1,0,0,0,0,35,2,0,1,5,0,0,1,0,0,0,1,0,0,0,0,0,0,3,1,1,1,1
"3_2015",0,0,0,0,0,0,2,0,0,0,0,0,0,0,1,1,3,0,0,0,0,0,0,15,1,0,2,0,0,0,1,0,0,0,0,0,0,0,0,16,0,0,0,0,1,0,0,0,0,1,8,0,5,0,0,2,18,0,0,0,0,0,0,0,0,0,0,1,1,1,1,0
"3_2016",0,0,1,0,0,0,0,0,0,0,0,0,0,0,1,2,0,0,0,8,0,0,0,10,6,0,0,0,1,0,1,2,0,0,0,0,0,0,0,15,0,0,0,0,0,0,0,0,0,2,3,0,4,0,0,2,8,0,0,0,0,0,0,0,0,0,0,1,0,1,1,0
"3_2017",0,0,0,0,0,0,0,0,0,0,0,0,0,1,0,2,1,0,0,8,0,0,0,10,6,3,0,0,5,0,1,2,0,0,0,0,0,0,0,16,0,0,0,0,1,0,0,0,0,1,2,0,3,0,0,1,10,0,0,0,0,0,0,0,0,0,0,1,0,1,1,0
"3_2018",0,0,0,0,0,0,0,0,0,0,0,0,0,1,0,1,0,0,0,2,0,0,0,13,4,4,0,0,5,0,1,1,0,0,0,0,0,0,0,20,0,0,0,0,1,0,0,0,0,3,0,0,4,0,0,0,3,0,0,0,0,0,0,0,0,0,0,6,1,1,1,0
"3_2019",1,0,0,0,0,0,0,0,0,0,25,0,0,1,0,1,1,0,0,1,0,0,1,6,7,1,0,0,4,0,1,4,0,0,0,0,0,0,0,6,0,0,0,0,1,0,0,0,0,15,0,1,3,0,0,0,4,0,0,0,0,0,0,0,0,0,0,3,1,0,1,0
"3_2020",0,0,0,0,0,1,0,0,0,0,15,0,0,0,0,0,1,0,0,0,0,0,0,25,5,0,0,0,1,0,1,3,0,0,0,0,0,0,0,10,0,0,0,0,1,0,0,0,0,8,5,0,4,0,0,0,7,0,0,0,0,0,0,0,0,0,0,2,1,0,1,0
"3_2021",0,0,0,0,0,0,0,0,0,0,50,0,0,0,0,1,2,0,0,0,0,0,0,10,4,0,2,0,5,0,2,1,0,0,0,0,0,0,0,8,0,0,0,0,1,0,0,0,0,5,2,0,7,0,0,0,20,0,0,0,0,0,0,0,0,0,0,1,0,1,1,0
"3_2022",0,0,0,0,0,0,0,0,0,0,30,0,0,0,0,0,2,0,0,2,0,0,0,2,20,3,0,0,20,0,1,8,0,0,0,0,0,0,0,20,0,0,0,0,0,0,0,0,0,8,2,0,5,0,0,0,10,0,0,0,0,0,0,0,0,0,0,0,8,0,1,0
"3_2023",0,0,0,0,0,0,0,0,0,0,2,0,0,0,1,0,1,0,0,1,0,0,0,3,20,2,0,0,12,0,1,0,0,0,0,1,0,0,0,30,0,0,0,0,1,0,0,0,0,18,1,0,7,0,0,0,20,0,0,0,0,0,0,0,0,0,0,1,0,0,1,0
"3_2024",0,0,0,0,0,0,0,0,0,0,12,0,0,1,0,0,1,0,0,3,0,0,0,3,18,1,1,0,17,0,2,4,0,0,0,2,0,0,0,30,0,0,0,0,0,0,0,0,0,20,1,0,7,0,0,0,25,0,0,0,0,0,0,0,0,0,0,1,0,0,1,0
"4_2015",0,0,0,0,0,0,0,0,0,0,0,0,0,0,0,1,0,0,0,0,0,0,0,2,0,0,0,0,0,0,0,0,1,0,0,0,0,0,0,50,0,0,0,0,0,2,0,0,0,0,3,0,0,1,0,1,11,0,0,0,0,0,0,0,0,0,0,2,1,4,3,0
"4_2016",0,0,0,0,0,2,0,0,0,0,4,0,0,0,0,0,0,0,0,0,0,0,0,3,0,0,0,0,1,0,1,8,0,0,0,5,0,0,0,25,0,0,0,0,0,0,0,0,0,0,5,0,0,1,0,2,10,0,0,0,0,0,0,0,0,0,0,5,1,2,3,0
"4_2017",0,0,0,0,0,1,0,0,0,0,4,0,0,0,1,0,1,0,0,3,0,0,0,1,0,0,0,0,2,0,1,4,1,0,0,4,0,0,0,32,0,0,0,0,1,0,0,0,0,0,2,0,0,3,0,1,9,0,0,0,0,0,0,0,0,0,0,8,1,1,2,0
"4_2018",0,0,0,0,0,1,0,0,0,0,3,0,0,0,0,1,0,0,0,1,0,0,0,5,0,0,0,0,1,0,1,1,1,0,0,1,0,0,0,25,0,0,0,0,0,0,0,0,0,0,0,0,0,2,0,0,6,0,0,0,0,0,0,0,0,0,0,17,1,1,1,0
"4_2019",0,0,0,0,0,1,0,0,0,0,35,0,0,0,0,0,1,0,0,1,0,0,0,2,0,0,2,0,3,0,1,15,0,0,0,5,0,0,0,5,0,0,1,0,1,0,0,0,0,0,0,0,0,3,0,4,5,0,0,0,0,0,0,0,0,0,0,7,1,3,1,0
"4_2020",0,0,0,0,0,5,0,0,0,0,25,0,0,0,0,0,2,0,0,0,0,0,0,5,0,0,0,0,1,0,0,10,1,0,0,5,0,0,0,5,0,0,0,0,0,0,0,0,0,0,3,0,0,1,0,3,8,0,0,0,0,0,0,0,0,0,0,1,1,1,5,0
"4_2021",0,0,0,0,0,10,0,0,0,0,25,0,0,0,0,0,2,0,0,1,0,0,0,4,2,0,9,0,3,0,0,3,2,0,0,10,0,0,0,15,0,0,0,0,1,0,0,0,0,0,4,0,0,6,0,5,8,0,0,0,0,0,0,0,0,0,0,6,1,4,6,1
"4_2022",0,0,0,0,0,1,0,0,6,0,18,0,0,0,0,0,2,0,0,2,0,0,0,3,2,0,6,0,6,0,0,5,2,0,0,20,0,0,0,15,0,0,0,0,1,0,0,0,0,0,6,0,0,12,0,8,10,0,0,0,0,0,0,0,0,0,0,0,1,3,2,0
"4_2023",0,0,0,0,0,2,0,0,4,0,15,0,0,0,0,0,1,0,0,3,0,0,0,1,4,0,5,0,2,0,2,0,2,0,0,7,0,0,0,20,0,0,0,0,2,0,0,0,0,1,3,0,0,3,0,4,25,0,0,0,0,0,0,0,0,0,0,3,1,2,1,0
"4_2024",0,0,0,0,0,7,0,0,6,0,15,0,0,0,0,0,1,0,0,2,0,0,0,0,4,1,1,0,3,0,1,2,2,0,0,7,0,0,0,20,0,0,0,0,1,0,0,0,0,7,3,0,0,4,0,4,25,0,1,0,0,0,0,0,0,0,0,7,1,3,4,0
"5_2015",0,0,0,0,0,4,0,0,1,0,0,0,1,0,6,1,1,0,0,0,0,0,0,1,0,4,0,0,0,0,0,3,0,0,0,2,0,0,0,0,0,2,0,0,0,0,0,0,0,12,1,0,4,1,0,0,10,1,0,0,0,0,0,0,0,0,0,3,2,4,1,0
"5_2016",1,0,0,0,0,1,0,0,0,0,3,0,5,0,3,0,0,0,0,0,0,0,0,2,0,4,0,0,0,0,0,5,0,0,0,4,0,1,0,0,0,0,0,0,0,0,0,0,0,25,2,0,3,2,0,0,5,0,0,0,0,0,0,0,0,0,1,1,1,0,2,0
"5_2017",0,0,0,0,0,1,0,0,2,0,5,0,5,0,4,0,1,0,0,4,0,0,0,1,2,10,0,0,2,0,0,12,0,0,0,8,0,0,0,0,0,0,0,0,0,0,0,0,0,45,0,0,3,3,0,0,8,0,0,0,0,0,0,0,0,0,0,3,1,2,0,0
"5_2018",0,0,0,0,0,0,0,0,1,0,3,0,2,0,1,1,0,0,0,0,0,0,0,0,1,17,0,0,1,0,0,1,0,0,0,1,0,0,0,0,0,0,0,0,0,0,0,0,0,45,0,0,2,1,0,0,10,0,0,0,0,0,0,0,0,0,0,1,1,1,1,0
"5_2019",1,0,0,0,0,0,0,0,15,0,10,0,6,0,5,0,1,0,0,0,0,0,0,0,2,5,0,0,1,0,0,1,0,0,0,7,0,1,0,0,0,0,0,0,1,0,0,0,0,60,0,0,4,2,0,0,5,0,0,0,0,0,0,0,0,0,0,1,1,1,1,0
"5_2020",0,0,0,0,0,5,0,0,15,0,20,0,2,1,4,0,1,0,0,0,0,0,0,0,2,2,0,0,2,0,0,3,0,0,0,4,0,0,0,0,0,0,0,0,0,0,0,0,0,8,0,0,5,1,0,0,12,0,0,0,0,0,0,0,0,0,0,1,1,1,1,0
"5_2021",0,0,0,0,0,5,0,0,5,0,20,0,3,0,5,0,1,0,0,1,0,0,0,0,3,3,0,0,2,0,0,8,0,0,0,7,0,0,0,0,0,0,0,0,0,0,0,0,0,10,0,0,8,2,0,0,25,0,0,0,0,0,0,0,0,0,0,1,1,3,4,0
"5_2022",0,0,0,0,0,1,0,0,0,4,14,0,12,0,0,0,1,0,0,25,0,0,0,0,3,18,0,0,5,0,0,12,1,0,0,18,0,0,0,0,0,0,0,0,1,0,0,0,0,25,0,0,3,5,0,0,25,0,0,0,0,0,0,0,0,0,0,1,1,1,1,0
"5_2023",0,0,0,0,0,0,0,0,0,2,1,0,7,1,1,0,0,0,0,5,0,0,0,0,4,10,0,0,3,0,1,1,0,0,0,25,0,0,0,0,0,0,0,0,1,0,0,0,0,40,0,0,8,3,0,0,35,0,0,0,0,0,0,0,0,0,0,1,1,1,1,0
"5_2024",0,0,0,0,0,0,0,0,0,2,8,0,6,0,1,0,1,0,0,2,0,0,0,0,3,12,0,0,2,0,1,8,0,0,0,12,0,0,0,0,0,0,0,0,1,0,0,0,0,40,1,0,5,5,0,0,40,0,0,0,0,0,0,0,0,0,0,1,1,2,2,0
"6_2015",0,2,0,0,0,2,0,0,0,0,0,0,0,0,1,2,1,0,0,0,0,0,0,1,2,2,0,0,0,0,0,1,0,0,0,2,0,0,0,8,0,0,0,0,0,0,0,0,0,20,0,0,0,0,0,0,7,0,0,0,0,0,0,1,0,0,0,0,2,0,1,0
"6_2016",0,1,0,0,0,1,0,0,0,0,7,0,0,0,0,0,0,0,0,4,0,0,0,0,6,3,0,0,2,0,1,1,0,0,0,9,0,0,0,2,0,0,0,0,0,0,0,0,0,30,0,0,0,2,0,1,2,0,0,0,0,0,0,0,0,0,0,0,1,0,0,0
"6_2017",1,3,0,0,0,2,0,0,1,0,5,0,4,0,0,0,1,0,0,5,0,0,0,0,7,12,0,0,2,0,1,9,0,0,0,12,0,0,0,3,0,0,0,0,0,0,0,0,0,50,0,0,0,2,0,1,2,0,0,0,0,0,0,0,0,0,0,1,1,0,0,0
"6_2018",1,2,0,0,0,2,0,0,0,0,10,0,2,0,0,1,0,0,0,1,0,0,0,2,2,40,0,0,1,0,0,1,0,0,0,2,0,0,0,3,0,0,0,0,0,0,1,0,0,4,0,0,0,0,0,2,2,0,0,0,0,0,0,0,0,0,0,1,1,0,1,0
"6_2019",0,3,0,0,0,1,0,0,2,0,5,0,4,0,1,0,0,0,0,1,0,0,0,1,5,10,0,0,2,0,0,3,0,0,0,5,0,0,0,5,0,0,0,0,0,0,0,0,0,40,0,0,0,5,0,2,1,0,0,0,0,0,0,0,0,0,0,1,0,0,0,0
"6_2020",0,5,0,0,0,5,0,0,0,0,20,0,2,0,0,0,1,0,0,1,0,0,0,0,5,10,0,0,2,0,0,5,0,0,0,7,0,0,0,6,0,0,0,0,1,0,0,0,0,40,1,0,0,2,0,2,3,0,0,1,0,0,0,0,0,0,0,0,1,0,0,0
"6_2021",0,3,0,0,0,5,0,0,0,0,12,0,8,0,0,0,2,0,0,1,0,0,0,6,20,25,0,0,4,0,0,3,0,0,0,12,0,0,0,8,0,0,0,0,0,0,2,0,0,25,10,0,0,5,0,5,7,0,1,0,0,0,0,0,0,0,0,1,1,1,0,0
"6_2022",0,3,0,0,0,0,0,0,0,3,7,0,10,0,0,0,1,0,0,5,0,0,0,8,15,75,0,0,5,0,0,3,0,0,0,12,0,0,0,7,0,0,0,0,1,0,0,0,0,15,1,0,0,7,0,10,10,0,1,0,0,0,0,0,0,0,0,0,1,1,0,0
"6_2023",0,3,0,1,0,1,0,0,0,1,1,0,13,0,0,0,1,0,0,8,0,0,0,9,12,4,0,0,8,0,1,1,0,0,0,20,0,0,0,5,0,0,0,0,1,0,0,0,0,30,2,0,0,4,0,6,25,0,0,0,0,0,0,0,0,0,0,0,0,1,1,1
"6_2024",0,2,0,1,0,1,0,0,0,1,2,0,10,0,0,0,1,0,0,4,0,0,0,7,15,70,0,0,6,0,2,15,0,0,0,13,0,0,0,7,0,0,0,0,2,0,1,0,0,15,2,0,0,10,0,2,30,0,1,0,0,0,0,0,0,0,0,0,0,0,1,1
"7_2015",0,0,0,0,0,2,0,0,1,0,0,0,0,0,0,2,0,0,0,0,0,0,0,10,0,2,1,0,0,0,2,1,0,0,0,1,0,0,0,28,0,0,1,0,0,1,0,0,0,3,5,0,0,1,0,5,8,0,0,0,0,0,0,0,0,0,0,1,1,1,1,0
"7_2016",0,0,0,0,0,2,0,0,0,0,0,0,0,0,0,0,1,0,0,10,0,0,0,5,2,3,0,0,0,0,1,1,0,0,0,4,0,1,0,20,0,0,0,0,0,0,0,0,0,4,3,0,0,0,0,1,5,0,0,0,0,0,0,0,0,0,0,0,0,2,2,0
"7_2017",0,0,0,0,0,0,0,0,1,0,0,0,0,0,0,0,1,0,0,16,0,0,0,0,3,4,0,0,0,0,0,3,0,0,0,5,0,0,0,22,0,0,1,0,1,0,0,0,0,2,2,0,0,0,0,2,3,0,0,0,0,0,0,0,0,0,0,0,0,1,1,0
"7_2018",0,0,0,3,0,1,0,0,0,0,0,0,1,1,0,1,0,0,0,5,0,0,0,0,2,13,0,0,1,0,1,1,0,1,0,4,0,0,0,30,0,0,0,0,1,0,0,0,0,10,0,0,0,1,0,7,5,0,0,0,0,0,0,0,0,0,0,3,1,1,0,0
"7_2019",1,0,0,1,0,4,0,0,1,0,0,0,0,1,0,0,1,0,0,3,0,0,0,0,4,7,0,0,2,0,1,2,0,0,0,4,0,0,0,30,0,0,1,0,1,0,0,0,0,20,1,0,0,3,0,1,2,0,0,0,0,0,0,0,0,0,0,15,1,1,0,0
"7_2020",0,0,0,0,0,7,0,0,1,0,1,0,0,1,0,0,3,0,0,1,0,0,0,0,4,3,0,0,2,0,3,3,0,0,0,3,0,0,0,20,0,0,1,0,1,0,0,0,0,20,2,0,0,1,0,0,4,0,0,0,0,0,0,0,0,0,0,1,0,1,1,0
"7_2021",0,0,0,1,0,15,0,0,2,0,2,0,2,0,0,0,2,0,0,1,0,0,0,2,6,3,0,0,1,0,6,1,0,0,0,4,0,0,0,20,0,0,0,0,1,0,0,0,0,25,2,1,0,1,0,1,12,0,0,0,0,0,0,0,0,0,0,0,1,1,1,0
"7_2022",0,0,0,1,0,1,0,0,0,4,3,0,2,0,0,0,2,0,0,12,0,0,0,0,10,6,0,0,1,0,2,2,0,0,0,9,0,0,0,35,0,0,0,0,1,0,0,0,0,25,2,0,0,3,0,2,20,0,0,0,0,0,0,0,0,0,0,0,1,1,1,0
"7_2023",0,0,0,1,0,0,0,0,0,2,2,0,7,0,0,0,2,0,0,7,0,0,0,0,12,6,0,0,2,0,5,1,0,0,0,15,0,0,0,45,0,0,0,0,3,0,0,0,0,35,1,0,0,1,0,1,25,0,1,0,0,0,0,0,0,0,0,0,1,1,1,0
"7_2024",0,0,0,1,0,0,0,0,0,1,1,0,2,0,1,0,1,0,0,8,0,0,0,0,9,4,0,0,3,0,15,2,0,0,0,12,0,0,0,55,0,0,0,0,1,0,0,0,1,15,0,0,0,3,0,0,30,0,0,0,0,0,0,0,0,0,0,0,0,1,1,0
"8_2015",0,0,0,0,0,0,0,0,1,0,0,0,0,0,0,0,0,0,0,0,0,0,0,20,1,2,0,0,0,0,1,1,0,0,0,0,0,0,0,8,0,3,0,0,0,0,0,0,0,2,10,0,2,1,0,2,28,0,0,0,0,0,0,0,0,0,0,1,0,3,2,0
"8_2016",0,0,0,0,0,0,0,0,0,0,1,0,2,0,0,0,0,0,0,15,0,0,0,6,0,2,0,0,0,0,1,3,0,0,0,0,0,0,0,3,0,0,0,0,0,0,0,0,0,8,2,0,2,2,0,2,25,0,0,0,0,0,0,0,0,0,0,2,0,2,1,0
"8_2017",1,0,0,25,0,1,0,0,0,0,0,1,2,1,0,0,2,0,0,10,0,0,0,6,1,5,0,0,0,0,1,5,0,0,0,0,0,0,0,5,0,0,0,0,0,0,0,0,0,7,1,0,0,7,0,3,30,0,0,0,0,0,0,0,0,0,0,1,0,1,0,0
"8_2018",0,0,0,40,0,0,0,0,0,0,0,0,2,1,0,1,0,0,0,4,0,0,0,5,1,10,0,0,1,0,1,1,0,0,0,0,0,0,0,10,0,0,0,0,0,0,0,0,0,0,0,0,0,8,0,5,25,0,0,0,0,0,0,0,0,0,0,0,0,0,1,0
"8_2019",0,0,0,50,0,0,0,0,0,0,1,0,3,1,0,0,1,0,0,2,0,0,0,4,1,0,1,0,1,0,0,4,0,0,0,0,0,0,0,4,0,0,0,0,1,0,0,0,0,10,0,0,1,7,0,1,65,0,0,0,0,0,0,0,0,0,0,1,1,1,0,0
"8_2020",0,0,0,0,0,0,0,0,0,0,2,0,2,0,0,0,1,0,0,1,0,0,0,6,2,0,0,0,0,0,3,8,0,0,0,0,0,0,0,5,0,0,0,0,1,0,0,0,0,10,2,0,2,1,0,5,60,0,0,0,0,0,0,0,0,0,0,1,0,1,0,0
"8_2021",0,0,0,35,0,0,0,0,2,0,4,0,3,0,0,0,2,0,0,3,0,0,0,12,2,2,2,0,0,0,4,2,0,0,0,0,0,0,0,2,0,0,0,0,2,0,0,0,0,15,2,0,2,1,0,2,60,0,0,0,0,0,0,0,0,0,0,1,0,1,0,0
"8_2022",0,0,0,20,0,0,0,0,3,1,8,0,2,0,0,0,1,0,0,8,0,0,0,2,4,6,1,0,0,0,4,3,0,0,0,0,0,0,0,8,0,0,0,0,3,0,0,0,0,8,0,0,1,15,0,7,70,0,1,0,0,0,0,0,0,0,0,0,0,1,0,0
"8_2023",0,0,0,30,0,0,0,0,1,0,1,0,3,0,0,0,1,0,0,8,0,0,0,5,4,2,0,0,1,0,3,0,0,0,0,0,0,0,0,15,0,0,0,0,3,0,0,0,0,10,0,0,2,3,0,7,75,0,0,0,0,0,0,0,0,0,0,0,0,1,1,0
"8_2024",0,0,0,25,0,0,0,0,8,0,1,0,1,0,0,0,2,0,0,12,0,0,0,1,6,5,0,0,1,0,6,1,0,0,0,0,0,0,0,7,0,0,0,0,1,0,0,0,0,7,1,0,2,4,0,9,90,0,1,0,0,0,0,0,0,0,0,0,0,0,0,0
"9_2015",0,0,0,0,0,3,0,4,0,0,0,0,0,0,0,0,0,0,0,0,0,0,0,5,0,0,1,0,0,0,2,0,1,0,0,0,0,0,0,7,0,0,1,0,0,0,0,0,0,2,4,0,0,0,0,1,46,0,0,0,0,0,0,12,0,0,0,1,0,4,3,0
"9_2016",0,0,0,0,0,4,0,2,0,0,0,0,0,0,0,1,1,0,0,4,5,0,0,8,1,0,1,0,0,0,2,2,2,0,0,2,0,0,0,10,0,0,0,0,0,0,0,0,0,20,5,0,0,2,0,5,25,0,0,0,0,0,0,0,0,0,0,0,0,4,3,0
"9_2017",0,0,0,0,0,1,0,1,0,0,0,0,0,0,1,0,1,0,0,6,2,0,0,8,1,1,0,0,0,0,2,1,1,0,0,4,0,0,0,20,0,0,0,0,0,0,0,0,0,15,4,0,0,6,0,3,25,0,0,0,0,0,0,0,0,0,0,1,1,1,2,0
"9_2018",0,0,0,0,0,0,0,5,0,0,0,0,0,0,0,1,0,0,0,1,0,0,0,6,1,0,0,0,1,0,1,1,1,0,0,1,0,0,0,20,0,0,0,0,1,0,0,0,0,13,0,0,0,2,0,2,28,0,0,0,0,0,0,0,0,0,0,0,0,1,2,0
"9_2019",0,0,0,0,0,0,0,3,0,0,0,0,0,0,0,0,1,0,0,2,1,0,0,3,1,1,1,0,1,0,1,2,0,0,0,3,0,0,0,10,0,0,0,0,1,0,0,0,0,0,1,0,0,2,0,30,25,0,0,0,0,0,0,0,0,0,0,1,0,1,1,0
"9_2020",0,0,0,0,0,1,0,4,0,0,0,0,0,0,0,0,2,0,0,0,3,0,0,8,3,0,0,0,0,0,1,4,1,0,0,1,0,0,0,20,0,0,0,0,1,0,0,0,0,15,2,0,0,1,0,5,20,0,0,0,0,0,0,0,0,0,0,1,1,1,2,0
"9_2021",0,0,0,0,0,8,0,7,0,0,0,0,0,0,0,0,1,0,0,1,2,0,0,6,8,1,4,0,2,0,2,2,3,0,0,3,0,0,1,25,0,0,0,0,2,0,0,0,0,12,4,0,0,3,0,4,40,0,0,0,0,0,0,0,0,0,0,1,0,2,3,0
"9_2022",0,0,0,0,0,0,0,7,0,0,0,0,0,0,0,0,1,1,0,1,1,0,0,8,6,3,2,0,1,0,1,1,1,0,0,4,0,0,0,30,0,0,0,0,1,0,0,0,0,4,5,0,0,4,0,5,30,0,1,0,0,0,0,0,0,0,0,0,1,1,1,0
"9_2023",0,0,0,0,0,2,0,7,0,0,0,0,0,0,0,0,1,0,0,3,0,0,0,10,7,4,6,0,1,0,1,0,2,0,0,5,0,0,0,30,0,0,0,0,10,0,0,0,0,15,8,0,0,6,0,8,35,0,0,0,0,0,0,0,0,0,0,0,0,1,1,0
"9_2024",0,0,0,0,0,1,0,6,0,0,0,0,0,0,0,0,1,0,0,2,1,0,0,6,2,0,5,0,1,0,1,1,1,0,0,3,0,0,0,15,0,0,0,0,4,0,0,0,0,4,7,0,0,3,0,3,40,0,1,0,0,1,0,0,0,0,0,1,0,1,1,0
"10_2015",0,0,0,0,0,6,5,0,0,0,0,0,0,0,0,0,0,0,0,0,0,0,12,4,0,0,5,0,0,0,0,0,5,0,0,0,0,0,0,10,0,1,2,0,0,0,0,0,0,1,1,0,5,0,0,3,8,0,0,0,0,0,0,3,0,0,0,3,1,10,5,0
"10_2016",0,0,0,0,0,4,0,0,0,0,0,0,0,0,2,1,1,0,0,5,0,0,0,2,0,0,6,0,0,0,1,0,2,0,0,0,0,1,0,15,0,0,0,0,0,0,0,0,0,0,4,0,5,0,0,9,8,0,0,0,0,0,0,0,0,0,0,6,0,3,2,0
"10_2017",0,0,0,0,0,1,0,0,8,0,0,0,0,1,1,2,1,0,0,25,0,0,0,1,0,0,5,0,2,0,0,0,1,0,0,0,0,0,0,18,0,0,0,0,0,0,0,0,0,0,3,0,1,2,0,7,4,0,1,0,0,0,0,0,0,0,0,10,1,1,2,0
"10_2018",0,0,0,0,0,0,0,0,0,0,0,0,0,0,0,1,0,0,0,5,0,0,0,8,0,0,0,0,2,0,1,1,1,0,0,1,0,0,0,40,0,0,0,0,1,0,0,0,0,0,0,0,5,1,0,2,2,0,0,0,0,0,0,0,0,0,0,2,0,0,1,0
"10_2019",0,0,0,0,0,1,0,0,1,0,1,0,0,0,1,0,1,0,0,4,0,0,0,1,0,0,20,0,2,0,1,0,1,0,0,1,0,0,0,30,0,0,0,0,1,0,0,0,0,0,3,0,2,3,0,2,1,0,1,0,0,0,0,0,0,0,0,2,0,1,1,0
"10_2020",0,0,0,0,0,1,0,0,0,0,1,0,0,0,0,1,1,0,0,1,0,0,0,0,0,0,20,0,2,0,2,2,1,0,0,0,0,0,0,40,0,0,0,0,2,0,0,0,0,2,2,0,3,1,0,2,3,0,0,0,0,0,0,0,0,0,0,1,0,2,1,0
"10_2021",0,0,0,0,0,4,0,0,1,0,1,0,0,0,0,0,2,0,0,9,0,0,0,5,0,0,12,0,3,0,1,3,1,0,0,1,0,0,0,45,2,0,0,0,1,0,0,0,0,3,5,0,4,2,0,3,5,0,0,0,0,0,0,0,0,0,0,3,0,1,3,0
"10_2022",0,0,0,0,0,0,0,0,0,1,4,0,0,0,0,0,1,0,0,20,0,0,0,7,0,0,8,0,7,0,1,2,1,0,0,1,0,0,0,50,1,0,0,0,3,0,0,0,0,8,2,0,0,4,0,4,6,0,1,0,0,0,0,0,0,0,0,0,0,1,1,0
"10_2023",0,0,0,0,0,1,0,0,0,0,3,0,0,0,0,0,0,0,0,7,0,0,0,7,2,0,10,0,10,0,4,0,3,0,0,2,0,0,0,70,1,0,0,0,20,0,0,0,0,3,1,0,4,2,0,2,3,0,0,0,0,0,0,0,0,0,0,0,0,1,1,0
"10_2024",0,0,0,0,0,0,0,0,0,0,1,0,0,0,0,0,1,0,0,2,0,0,0,2,1,0,3,0,5,0,2,1,2,0,0,1,0,0,0,80,1,0,0,0,6,0,0,0,0,1,4,0,2,2,0,3,2,0,1,0,0,0,0,0,0,0,0,0,0,1,1,0
"11_2015",0,0,0,0,0,16,0,0,1,0,0,0,0,0,3,0,0,0,0,0,0,0,7,20,0,0,0,0,0,0,1,0,7,0,0,0,0,0,0,4,0,0,0,0,0,0,0,0,0,0,4,0,0,1,0,3,18,0,0,0,0,0,0,0,8,0,0,1,0,11,5,0
"11_2016",0,0,0,0,0,5,0,0,0,0,0,0,0,0,3,0,1,0,0,0,0,0,0,5,0,0,0,0,0,0,1,1,2,0,0,0,5,0,0,7,0,0,0,0,0,0,0,0,0,0,10,0,0,2,0,5,8,0,0,0,0,0,0,0,0,0,0,1,0,3,1,0
"11_2017",0,0,0,0,0,1,0,0,0,0,0,0,0,0,15,0,1,0,0,1,0,0,0,8,0,0,0,0,1,0,1,0,3,0,0,0,1,0,0,12,0,0,0,0,1,0,0,0,0,0,10,0,0,2,0,4,8,0,0,0,0,0,0,0,0,0,0,1,1,1,2,0
"11_2018",0,0,0,0,0,0,0,0,0,0,0,0,0,0,5,1,0,0,0,1,0,0,0,5,0,1,0,0,0,0,1,0,1,0,0,0,1,0,0,25,0,0,0,0,1,0,0,0,0,0,1,0,0,3,0,2,7,0,0,0,0,0,0,0,0,0,0,1,0,1,2,0
"11_2019",0,0,0,0,0,1,0,0,0,0,2,0,0,0,7,0,0,0,0,7,0,0,0,3,0,0,0,0,1,0,1,1,1,0,0,0,2,0,0,12,0,0,1,0,1,0,0,0,0,0,3,0,0,1,0,3,5,0,0,0,0,0,0,0,0,0,0,4,1,2,1,0
"11_2020",0,0,0,0,0,8,0,0,0,0,2,0,0,0,7,0,1,0,2,2,0,0,0,2,0,1,0,0,0,0,8,5,4,0,0,0,3,0,0,30,0,0,0,0,0,0,0,0,0,0,20,0,0,2,0,3,8,0,0,0,0,0,0,0,0,0,0,1,1,2,1,0
"11_2021",0,0,0,0,0,10,0,0,0,0,0,0,0,0,6,0,1,0,1,1,0,0,0,3,0,0,0,0,1,0,2,2,3,0,0,0,5,0,1,25,0,0,0,0,1,0,0,0,0,0,15,0,0,1,0,3,12,0,0,0,0,0,0,0,0,0,0,15,1,2,4,0
"11_2022",0,0,0,0,0,2,0,0,1,10,4,0,0,1,25,0,4,0,0,1,0,0,0,5,0,5,0,0,2,0,3,5,9,0,0,1,3,0,0,25,0,0,0,0,1,0,0,0,0,0,15,0,0,2,0,2,10,0,0,0,0,0,0,0,0,0,0,2,1,3,4,0
"11_2023",0,0,0,0,0,0,0,0,2,2,0,0,0,0,15,0,1,0,0,1,0,0,0,8,0,3,0,0,1,0,2,0,3,0,0,1,4,0,0,35,0,0,0,0,1,0,0,0,0,0,20,0,0,0,0,1,15,0,0,0,0,0,0,0,0,0,0,2,1,0,1,0
"11_2024",0,0,0,0,0,1,0,2,1,1,0,0,0,0,30,0,0,0,0,1,0,0,0,4,0,2,0,0,1,0,1,2,4,0,0,1,1,0,1,35,0,0,0,0,1,0,0,0,0,0,10,0,0,0,0,1,8,0,0,0,0,0,0,0,0,0,0,1,1,1,2,0
"12_2015",0,0,0,0,0,50,0,0,0,0,0,0,0,0,3,0,0,0,0,0,0,0,0,2,0,0,0,0,0,0,0,0,3,0,0,0,0,3,0,0,0,0,1,0,0,0,0,0,0,0,1,0,0,0,0,0,0,0,0,0,0,0,0,0,0,0,0,0,0,2,12,0
"12_2016",0,0,0,0,0,3,0,0,0,0,0,0,0,0,70,0,1,0,0,0,0,0,0,2,0,0,0,0,0,0,1,0,2,0,0,0,0,3,0,0,0,0,2,0,0,0,0,0,0,0,3,0,0,0,0,2,0,0,0,0,0,0,0,0,0,0,0,1,1,4,2,0
"12_2017",0,0,0,0,0,1,0,0,0,0,0,0,0,0,50,0,0,0,0,0,0,0,0,5,0,0,0,0,1,0,1,1,3,0,0,0,0,0,0,0,0,0,1,0,0,0,0,0,0,0,2,0,0,0,0,2,0,0,0,0,0,0,0,0,0,0,0,1,1,1,4,0
"12_2018",0,0,0,0,0,1,0,0,0,0,15,0,0,0,1,0,0,0,0,0,0,0,0,3,0,1,0,0,1,0,1,1,1,0,0,3,0,0,0,0,0,0,0,0,1,0,0,0,0,1,0,0,0,0,0,0,0,0,0,0,0,0,0,0,0,0,0,1,1,0,1,0
"12_2019",0,0,0,0,0,0,0,0,0,0,1,0,0,0,30,0,0,0,0,0,0,0,0,2,0,1,0,0,1,0,0,1,1,0,0,1,0,1,0,1,0,0,1,0,0,0,0,0,0,0,1,0,0,1,0,2,0,0,0,0,0,0,0,0,0,0,0,1,1,1,1,0
"12_2020",0,0,0,0,0,8,0,0,1,0,1,0,0,0,40,0,0,0,0,0,0,0,0,3,0,2,0,0,1,0,1,3,3,1,0,1,0,3,0,0,0,0,1,0,0,0,0,0,0,0,5,0,0,0,0,1,0,0,0,0,0,0,0,0,0,0,0,1,1,1,15,0
"12_2021",0,0,0,0,0,25,0,0,2,0,0,0,0,0,25,0,0,0,0,0,0,0,0,2,1,1,0,0,1,0,1,1,2,2,0,3,0,8,3,0,0,0,1,0,0,0,0,0,0,0,8,0,0,1,0,2,0,0,0,0,0,0,0,0,0,0,0,2,0,2,4,0
"12_2022",0,0,0,0,0,0,0,0,1,6,20,0,0,0,3,0,0,0,0,0,0,0,0,0,0,1,0,0,1,0,0,1,1,0,0,3,0,1,0,0,0,0,0,0,1,0,0,0,0,0,3,0,0,1,0,2,0,0,0,0,0,0,0,0,0,0,0,1,0,6,8,0
"12_2023",0,0,0,0,0,2,0,0,0,2,0,0,0,0,35,0,0,0,0,1,0,0,0,4,0,1,0,0,2,0,3,0,1,0,0,4,0,1,2,0,0,0,0,0,0,0,0,0,0,0,3,0,0,0,0,1,0,0,0,0,0,0,0,0,0,0,0,1,0,1,3,0
"12_2024",0,0,0,0,0,2,0,0,0,2,0,0,0,0,20,0,0,0,0,0,0,0,0,4,0,0,0,0,1,0,1,1,4,0,0,7,0,0,5,0,0,0,0,0,0,0,0,0,0,0,5,0,0,0,0,1,0,0,0,0,0,0,0,0,0,0,0,1,1,2,4,0
"13_2015",0,0,0,0,0,1,0,0,1,0,12,0,0,0,2,0,0,0,0,0,0,0,0,4,0,2,0,0,0,0,0,0,0,0,2,8,0,1,0,0,0,0,0,0,0,0,0,0,0,0,5,0,0,0,0,0,0,0,0,0,0,0,0,0,0,0,0,2,1,2,4,0
"13_2016",0,0,1,0,0,4,0,0,0,0,25,0,0,0,1,0,0,0,0,0,0,0,0,0,0,1,0,0,0,0,1,1,0,0,2,15,0,1,0,0,0,0,0,0,0,0,0,0,0,0,1,0,0,0,0,1,0,0,0,0,0,0,0,0,0,10,10,3,0,2,1,0
"13_2017",0,0,0,0,0,2,0,0,0,0,20,5,0,0,0,0,0,0,0,0,0,0,0,0,0,4,0,0,1,0,1,1,1,0,2,16,0,0,0,0,0,0,0,0,0,0,0,0,0,2,2,0,0,0,0,0,0,0,0,0,0,0,0,0,0,0,0,7,1,1,1,0
"13_2018",0,0,0,0,0,1,0,0,0,0,0,0,0,0,20,0,0,0,0,0,0,0,1,0,0,1,0,0,1,0,1,1,1,0,0,0,0,0,0,0,0,0,0,0,0,0,0,0,0,0,0,0,0,0,0,1,0,0,0,0,0,0,0,0,0,0,0,1,1,1,2,0
"13_2019",0,0,0,0,0,0,0,0,1,0,30,0,0,0,0,0,0,0,0,1,0,0,0,2,2,0,0,1,1,0,1,0,0,0,2,15,0,0,0,1,0,0,0,0,1,0,0,0,0,0,0,0,0,0,0,0,0,0,0,0,0,0,0,0,0,0,0,1,1,0,1,0
"13_2020",0,0,0,0,0,1,0,0,2,0,40,0,0,0,0,0,1,0,0,0,0,0,0,3,0,2,4,0,2,0,0,1,0,0,2,5,0,0,0,0,0,0,0,0,0,0,0,0,0,7,2,0,0,0,0,0,0,0,0,0,0,0,0,0,0,0,0,2,1,1,3,0
"13_2021",0,0,0,0,0,5,0,0,4,0,35,0,0,0,1,0,1,0,0,3,0,0,0,4,0,3,0,0,2,0,1,2,1,0,3,15,0,0,0,0,0,0,0,0,0,0,0,0,0,8,5,0,0,0,0,0,0,0,0,0,0,0,0,0,0,0,0,4,2,1,4,0
"13_2022",0,0,0,0,0,2,0,0,0,6,35,0,0,0,0,0,1,0,0,20,0,0,0,7,0,3,1,0,2,0,1,1,1,0,3,30,0,0,0,0,0,0,0,0,0,0,0,0,0,7,2,0,0,0,0,0,0,0,0,0,0,0,0,0,0,0,0,1,1,1,4,4
"13_2023",0,0,0,0,0,5,0,0,0,1,5,0,0,0,0,0,1,0,0,20,0,0,0,7,0,3,1,0,2,0,1,0,1,0,4,50,0,0,0,0,0,0,0,0,2,0,0,0,0,4,5,0,0,0,0,0,0,0,0,0,0,0,0,0,0,0,0,3,1,1,1,0
"13_2024",0,0,0,0,0,7,0,0,0,2,12,0,0,0,0,0,1,0,0,12,0,0,0,6,0,3,0,0,2,0,1,4,2,0,4,30,0,0,0,0,0,0,0,0,2,0,0,0,0,12,10,0,0,0,0,0,0,0,0,0,0,0,0,0,0,0,0,3,1,1,1,1
"14_2015",0,0,0,0,0,14,0,0,0,0,1,0,0,0,0,0,0,0,0,0,0,0,3,12,0,0,5,0,0,0,0,0,0,0,0,0,0,0,0,0,0,1,0,0,0,0,0,0,0,0,2,0,0,0,0,7,18,0,0,0,0,0,0,0,0,0,0,1,0,1,4,0
"14_2016",0,0,0,0,0,9,0,0,0,0,2,0,0,0,4,0,1,0,0,0,0,0,0,8,0,0,0,0,0,0,1,1,1,0,0,0,0,0,0,0,0,0,0,0,0,0,0,2,0,0,3,0,0,0,0,12,20,0,0,0,0,0,0,0,0,5,0,2,1,2,1,0
"14_2017",0,0,0,0,0,1,0,0,10,0,1,14,0,0,4,0,1,0,0,20,0,0,0,6,0,2,0,0,1,0,1,1,0,0,0,2,0,0,0,0,0,0,0,0,0,0,0,2,0,0,6,0,0,0,0,7,25,0,0,0,0,0,0,0,0,0,0,7,1,1,2,0
"14_2018",0,1,0,0,0,0,0,0,5,0,1,0,0,0,0,0,0,0,0,2,0,0,0,25,0,1,0,0,0,0,1,1,0,0,0,1,0,0,0,0,0,0,1,0,0,0,0,0,0,0,0,0,0,0,0,7,25,0,0,0,0,0,0,0,0,0,0,1,0,0,1,0
"14_2019",0,1,0,0,0,2,0,0,20,0,0,0,0,0,0,0,1,0,0,3,1,0,0,1,0,2,7,0,0,0,2,1,0,0,0,2,0,0,0,1,0,0,0,0,0,0,0,0,0,0,0,0,0,0,0,2,25,0,0,0,0,0,0,0,0,0,0,3,0,1,1,0
"14_2020",0,3,0,0,0,5,0,0,4,0,4,0,0,0,0,0,0,0,0,2,4,0,0,5,0,1,13,0,1,0,3,2,4,0,0,1,0,0,0,0,0,0,1,0,0,0,0,1,0,2,1,0,0,0,0,4,20,0,0,0,0,0,0,0,0,0,0,2,0,1,5,0
"14_2021",0,5,0,0,0,12,0,0,1,2,5,0,0,0,4,0,0,0,0,2,5,0,0,7,0,2,15,0,0,0,1,1,1,0,0,3,0,0,0,0,0,0,0,0,1,0,0,2,0,4,5,0,0,0,5,4,35,0,1,0,0,0,0,0,0,0,0,1,0,2,4,0
"14_2022",0,0,0,0,0,0,0,0,2,4,15,0,0,0,2,0,1,0,0,20,2,0,0,8,0,2,35,0,0,0,2,6,1,0,0,12,0,0,0,2,0,0,0,0,1,0,0,2,0,0,2,0,0,0,0,3,40,0,0,0,0,0,0,0,0,0,0,0,0,2,2,0
"14_2023",0,0,0,0,0,2,0,0,1,1,3,0,0,0,2,0,2,0,0,20,0,0,0,10,0,1,25,0,0,0,5,0,1,0,0,10,0,0,0,2,0,0,0,0,2,0,0,0,0,8,1,1,0,0,0,3,50,0,0,0,0,0,0,0,0,0,0,1,0,1,1,0
"14_2024",0,0,0,0,0,1,0,0,0,1,2,0,0,0,2,0,1,0,0,4,0,0,0,4,0,2,45,0,0,0,3,1,1,0,0,6,0,0,0,2,0,0,0,0,3,0,0,0,0,10,2,0,0,0,0,2,60,0,0,0,0,0,0,0,0,0,0,1,0,1,1,0
"15_2015",0,0,0,0,0,10,0,34,1,0,2,0,0,0,2,0,0,0,0,0,0,0,2,4,0,1,0,0,0,0,3,2,0,0,0,1,0,0,0,0,0,1,0,0,0,0,0,0,0,5,3,0,0,1,0,0,0,0,0,0,0,0,0,0,0,0,0,0,0,1,1,0
"15_2016",0,0,0,0,0,1,0,50,0,0,5,0,0,0,3,2,1,0,0,50,0,0,0,0,0,1,0,0,2,0,1,7,0,0,0,1,0,0,0,0,0,0,0,0,0,0,0,0,0,10,2,0,0,0,0,0,1,0,0,0,0,0,0,0,0,2,0,1,0,2,0,0
"15_2017",0,0,0,0,0,0,0,20,0,0,10,1,0,0,3,0,3,0,0,13,0,0,0,1,0,7,0,0,8,0,1,18,0,0,0,7,0,0,0,1,0,0,0,0,0,0,0,0,0,6,0,0,0,3,0,0,0,0,0,0,0,0,0,0,0,0,0,1,0,1,2,0
"15_2018",0,0,0,3,0,0,0,20,0,0,5,0,0,1,0,1,0,0,0,2,0,0,1,1,0,3,0,0,4,0,1,2,3,0,0,2,0,0,0,3,0,0,1,0,1,0,0,0,0,8,0,0,0,2,0,0,0,0,0,0,0,0,0,0,0,0,0,2,1,1,2,0
"15_2019",0,0,0,5,0,0,0,30,3,0,7,0,0,1,0,0,2,0,0,2,0,0,0,0,0,3,0,0,5,0,1,6,1,0,0,3,0,0,0,1,0,0,0,0,1,0,0,0,0,20,0,0,0,2,0,0,0,0,0,0,0,0,0,0,0,0,0,2,1,1,1,0
"15_2020",0,0,0,1,0,8,0,30,5,0,20,0,1,0,3,0,1,0,0,1,0,0,0,7,0,6,0,0,2,0,0,4,1,0,0,6,0,0,0,2,0,0,0,0,3,0,0,0,0,10,0,0,0,1,0,1,0,0,0,0,0,0,0,0,0,0,0,1,1,1,1,0
"15_2021",0,0,0,3,0,5,0,40,2,0,30,0,1,0,1,0,2,0,0,1,0,0,0,3,0,2,0,0,5,0,0,4,0,0,0,3,0,0,0,2,0,0,0,0,1,0,0,0,0,15,1,0,0,1,0,2,0,0,0,0,0,0,0,0,0,0,0,2,0,1,1,0
"15_2022",0,0,0,4,0,1,0,25,0,5,30,0,2,0,5,0,2,0,0,7,0,0,0,2,0,10,0,0,15,0,1,4,0,0,0,15,0,0,0,5,0,0,0,0,7,0,0,0,0,25,0,0,0,1,0,0,0,0,0,0,0,0,0,0,0,0,0,0,0,1,1,0
"15_2023",0,0,0,0,0,1,0,60,0,1,8,0,1,1,2,0,2,0,0,8,0,0,0,1,1,2,0,0,5,0,5,0,1,0,0,1,0,0,0,2,0,0,0,0,35,0,0,0,0,25,0,0,0,0,0,0,0,0,0,0,0,0,0,0,0,0,0,0,0,1,1,1
"15_2024",0,0,0,3,0,5,0,45,0,0,20,0,0,0,2,0,1,0,0,4,0,0,0,1,0,2,0,0,12,0,10,8,0,0,0,1,0,0,0,2,0,0,0,0,7,0,0,0,0,20,0,0,0,1,0,0,0,0,0,0,0,0,0,0,0,0,0,1,0,1,1,1
